Commodity,Raw_Weight,Normalized_Weight,Correlation_with_Silver,Abs_Weight
WHEAT,-0.022624394,-0.2332091,-0.44978497885285323,0.2332091
GOLD,0.020700438,0.21337724,0.8078409049969656,0.21337724
LITHIUM,-0.017762965,-0.18309817,-0.5390123950692447,0.18309817
COPPER,-0.0107921455,-0.11124393,0.5656317465963356,0.11124393
RARE_EARTH,-0.008045113,-0.082927905,0.08981148332962034,0.082927905
CORN,-0.0060574366,-0.062439214,-0.5257513231123624,0.062439214
SOYBEAN,-0.0060036043,-0.061884318,-0.5806893329265814,0.061884318
NATURAL_GAS,-0.0050272434,-0.051820125,-0.5538436348516146,0.051820125
