{"train_loss": 2.0973217487335205, "test_loss": 2.205538511276245, "mse_unconstrained": 0.00036830499202968216, "mse_constrained": 0.00036830501054129633, "violations_pct": 0.0}