{"mae_silver_vs_basket": 2.091547595190381, "mse_silver_vs_basket": 6.13598119247495, "r2_silver_vs_basket": -0.014346079431379888, "silver_mean_silver_vs_basket": 24.3732377755511, "basket_mean_silver_vs_basket": 24.63993286573146, "Mean_Difference": -0.2666950901803608, "Std_Dev_of_Difference": 2.4639273580166057}