{"mae_silver_vs_basket": 2.091547595190381, "mse_silver_vs_basket": 6.13598119247495, "r2_silver_vs_basket": -0.014346079431379888}