{"mae_silver_vs_actual": 0.8210810621242486, "mse_silver_vs_actual": 1.3146302546192385, "r2_silver_vs_actual": 0.8810008593643952}